{"loss": {"train": [0.6565732035947882, 0.5098553960737975, 0.492539925419766, 0.5024794003237849, 0.49698446626248566, 0.4980014769927315, 0.6673397059025972, 0.531470167896022, 0.5014885599198549, 0.49386776789374975, 0.4987441495708797, 0.49288654845693836, 0.49730136860971863, 0.49191913915717084, 0.5069909769555797, 0.48727336266766424, 0.4760121845680734, 0.5079123287097268, 0.4917205572128296, 0.494705266278723, 0.47018399575482245, 0.39221819716951123, 0.3878950975511385, 0.390492161978846, 0.37696872845939966], "val": [0.5354440450668335, 0.5056436479091644, 0.5058423757553101, 0.539202094078064, 0.509254652261734, 0.4952124536037445, 0.31621237099170685, 0.5037528991699218, 0.5370827674865722, 0.5191776394844055, 0.4958532750606537, 0.501420533657074, 0.4935510754585266, 0.4880291044712067, 0.4813931047916412, 0.4604210019111633, 0.5605424642562866, 0.5017319679260254, 0.4929934084415436, 0.49232627749443053, 0.39435542225837705, 0.4036475121974945, 0.5089048504829407, 0.22798356115818025, 0.26570993661880493], "test": 0.2545610115808599}, "accuracy": {"train": [0.6974637681159421, 0.7418478260869565, 0.7445652173913043, 0.7373188405797101, 0.7341485507246377, 0.7373188405797101, 0.7115036231884058, 0.7436594202898551, 0.7346014492753623, 0.7400362318840579, 0.7459239130434783, 0.7400362318840579, 0.7400362318840579, 0.7427536231884058, 0.7205615942028986, 0.7509057971014492, 0.7667572463768116, 0.7228260869565217, 0.7432065217391305, 0.7400362318840579, 0.7717391304347826, 0.8491847826086957, 0.8229166666666666, 0.8274456521739131, 0.8215579710144927], "val": [0.5723214285714285, 0.5785714285714285, 0.5928571428571429, 0.5723214285714285, 0.5723214285714285, 0.5785714285714285, 0.8758928571428571, 0.6241071428571429, 0.5785714285714285, 0.5785714285714285, 0.5928571428571429, 0.5928571428571429, 0.6116071428571429, 0.6116071428571429, 0.6116071428571429, 0.6366071428571429, 0.5723214285714285, 0.5723214285714285, 0.5723214285714285, 0.6053571428571429, 0.7428571428571429, 0.7428571428571429, 0.7241071428571428, 0.95625, 0.93125], "test": 0.9297856614929786}, "f1": {"train": [0.6628405180138808, 0.7146050634197608, 0.7206340347004709, 0.7094409434566221, 0.7155448525641411, 0.7135406320311268, 0.6670523843868089, 0.7172044023368873, 0.7144793051216124, 0.7210898174530752, 0.7259800062048336, 0.7162951167885387, 0.7168107457920148, 0.7211191885390839, 0.6980016953171827, 0.7309678214433054, 0.7529914591281907, 0.6988475164686143, 0.7237220879695303, 0.7208135597776907, 0.755998031563965, 0.8467794905755445, 0.8227192250261256, 0.8252042476852275, 0.8179087826845545], "val": [0.6440457838236265, 0.6498699306070757, 0.6635054454190611, 0.6440457838236265, 0.6440457838236265, 0.6498699306070757, 0.8192146608383502, 0.6921140373662276, 0.6498699306070757, 0.6498699306070757, 0.6635054454190611, 0.6635054454190611, 0.6814330881204554, 0.6814330881204554, 0.6814330881204554, 0.7035435802155989, 0.6440457838236265, 0.6440457838236265, 0.6440457838236265, 0.6752664214537887, 0.7884317666460523, 0.7884317666460523, 0.774320049989693, 0.9497731347615618, 0.9362059494154945], "test": 0.9304580312830825}}