{"loss": {"train": [0.4814243562843489, 0.3717936899351037, 0.32825719921485236, 0.3147867943929589, 0.2811664355837781, 0.2527195850144262, 0.21991827760053717, 0.19725055279939072, 0.19580884310214416, 0.16470596615387045, 0.15726347623959833, 0.16060308205044788, 0.13684683033953543, 0.13752603174551672, 0.12605765299952548, 0.11455748327400374, 0.11880039245538089, 0.10055868959297305, 0.09653927725942238, 0.10476742085555325, 0.14844160138264947, 0.08545613191697908, 0.0978188124363837, 0.09512599832985712, 0.07942926932288252], "val": [0.5271992444992065, 0.34859558939933777, 0.22732735574245452, 0.1811969518661499, 0.17326175570487976, 0.12731757313013076, 0.11346583515405655, 0.10574372857809067, 0.1260766327381134, 0.11879515498876572, 0.08706130236387252, 0.16975257843732833, 0.051914459094405174, 0.05788856148719788, 0.07666310742497444, 0.041592440381646154, 0.046332042291760446, 0.04453951828181744, 0.03173408918082714, 0.04227286800742149, 0.04823463037610054, 0.03033345304429531, 0.05843340791761875, 0.04400464035570621, 0.027035856060683726], "test": 0.047940291354761404}, "accuracy": {"train": [0.7884963768115942, 0.847373188405797, 0.876358695652174, 0.8867753623188406, 0.9035326086956522, 0.9252717391304348, 0.9470108695652174, 0.9615036231884058, 0.9524456521739131, 0.9605978260869565, 0.967391304347826, 0.9587862318840579, 0.9741847826086957, 0.9655797101449275, 0.972373188405797, 0.9714673913043478, 0.9583333333333334, 0.9796195652173914, 0.973731884057971, 0.9710144927536232, 0.9524456521739131, 0.9778079710144927, 0.9696557971014492, 0.9755434782608695, 0.9823369565217391], "val": [0.8651785714285714, 0.8589285714285714, 0.91875, 0.94375, 0.9625, 0.9875, 0.9875, 0.9875, 0.9875, 0.98125, 0.9875, 0.95, 0.9875, 0.9875, 0.98125, 0.99375, 0.99375, 0.99375, 0.99375, 0.98125, 0.9875, 0.99375, 0.98125, 0.99375, 0.99375], "test": 0.9848484848484849}, "f1": {"train": [0.7880641717567585, 0.8461350602207142, 0.8760823315589413, 0.886958356916926, 0.9039548290202017, 0.9257610852401288, 0.9473651385381542, 0.9623897851650972, 0.953434149792271, 0.9614621764816427, 0.9677341920432615, 0.9599617864905249, 0.9743225712477834, 0.9664703450827258, 0.9726818039400611, 0.9716456899437101, 0.9603923995662286, 0.9797361118092421, 0.9745639476321514, 0.9713600957724329, 0.9598621590320198, 0.9780138522338793, 0.9706782285362834, 0.9758034171558664, 0.9824696599296527], "val": [0.8838461710703089, 0.881059074180271, 0.92740165744813, 0.9479227413954444, 0.9675534863538955, 0.98846363790833, 0.98846363790833, 0.98846363790833, 0.98846363790833, 0.9823927480139109, 0.98846363790833, 0.9558609990135413, 0.98846363790833, 0.98846363790833, 0.9823927480139109, 0.994322033898305, 0.994322033898305, 0.994322033898305, 0.994322033898305, 0.98025956284153, 0.9882511440038858, 0.994322033898305, 0.9823927480139109, 0.994322033898305, 0.994322033898305], "test": 0.9849834612912415}}